me, toothbrush1, its a toothbrush, 324, img/uploads/toothbrush.jpg
me, pudding, its a pudding, 3.50, img/uploads/pudding.jpg
me, Black hawk, its a black hawk, 50000000, img/uploads/largeblackhawk.jpg
me, toothbrush1, its a toothbrush, 324, img/uploads/toothbrush.jpg
me, pudding, its a pudding, 3.50, img/uploads/pudding.jpg
me, Black hawk, its a black hawk, 50000000, img/uploads/largeblackhawk.jpg
me, toothbrush1, its a toothbrush, 324, img/uploads/toothbrush.jpg
me, pudding, its a pudding, 3.50, img/uploads/pudding.jpg
me, Black hawk, its a black hawk, 50000000, img/uploads/largeblackhawk.jpg
me, toothbrush1, its a toothbrush, 324, img/uploads/toothbrush.jpg
me, pudding, its a pudding, 3.50, img/uploads/pudding.jpg
me, Black hawk, its a black hawk, 50000000, img/uploads/largeblackhawk.jpg
me, toothbrush1, its a toothbrush, 324, img/uploads/toothbrush.jpg
me, pudding, its a pudding, 3.50, img/uploads/pudding.jpg
me, Black hawk, its a black hawk, 50000000, img/uploads/largeblackhawk.jpg
me, toothbrush1, its a toothbrush, 324, img/uploads/toothbrush.jpg
me, pudding, its a pudding, 3.50, img/uploads/pudding.jpg
me, Black hawk, its a black hawk, 50000000, img/uploads/largeblackhawk.jpg
me, toothbrush1, its a toothbrush, 324, img/uploads/toothbrush.jpg
me, pudding, its a pudding, 3.50, img/uploads/pudding.jpg
me, Black hawk, its a black hawk, 50000000, img/uploads/largeblackhawk.jpg
me, toothbrush1, its a toothbrush, 324, img/uploads/toothbrush.jpg
me, pudding, its a pudding, 3.50, img/uploads/pudding.jpg
me, Black hawk, its a black hawk, 50000000, img/uploads/largeblackhawk.jpg
me, toothbrush1, its a toothbrush, 324, img/uploads/toothbrush.jpg
me, pudding, its a pudding, 3.50, img/uploads/pudding.jpg
me, Black hawk, its a black hawk, 50000000, img/uploads/largeblackhawk.jpg
me, toothbrush1, its a toothbrush, 324, img/uploads/toothbrush.jpg
me, pudding, its a pudding, 3.50, img/uploads/pudding.jpg
me, Black hawk, its a black hawk, 50000000, img/uploads/largeblackhawk.jpg
me, toothbrush1, its a toothbrush, 324, img/uploads/toothbrush.jpg
me, pudding, its a pudding, 3.50, img/uploads/pudding.jpg
me, Black hawk, its a black hawk, 50000000, img/uploads/largeblackhawk.jpg
me, toothbrush1, its a toothbrush, 324, img/uploads/toothbrush.jpg
me, pudding, its a pudding, 3.50, img/uploads/pudding.jpg
me, Black hawk, its a black hawk, 50000000, img/uploads/largeblackhawk.jpg
me, toothbrush1, its a toothbrush, 324, img/uploads/toothbrush.jpg
me, pudding, its a pudding, 3.50, img/uploads/pudding.jpg
me, Black hawk, its a black hawk, 50000000, img/uploads/largeblackhawk.jpg
me, toothbrush1, its a toothbrush, 324, img/uploads/toothbrush.jpg
me, pudding, its a pudding, 3.50, img/uploads/pudding.jpg
me, Black hawk, its a black hawk, 50000000, img/uploads/largeblackhawk.jpg
me, toothbrush1, its a toothbrush, 324, img/uploads/toothbrush.jpg
me, pudding, its a pudding, 3.50, img/uploads/pudding.jpg
me, Black hawk, its a black hawk, 50000000, img/uploads/largeblackhawk.jpg
me, toothbrush1, its a toothbrush, 324, img/uploads/toothbrush.jpg
me, pudding, its a pudding, 3.50, img/uploads/pudding.jpg
me, Black hawk, its a black hawk, 50000000, img/uploads/largeblackhawk.jpg
me, toothbrush1, its a toothbrush, 324, img/uploads/toothbrush.jpg
me, pudding, its a pudding, 3.50, img/uploads/pudding.jpg
me, Black hawk, its a black hawk, 50000000, img/uploads/largeblackhawk.jpg
me, toothbrush1, its a toothbrush, 324, img/uploads/toothbrush.jpg
me, pudding, its a pudding, 3.50, img/uploads/pudding.jpg
me, Black hawk, its a black hawk, 50000000, img/uploads/largeblackhawk.jpg
